"Volume 1: In the Beginning; Regulatory Requirements; The Substrates",10
"Part 1: In the Beginning",12
"Part 1.1: Marketing Concepts to Empower Technical People",13
"Part 1.2: Creating the Right Fragrance for Your Personal Care Product",26
"Part 1.3: Fragrance Packaging Design: A Multi-Sensory Experience from Concept to Consumer",59
"Part 1.4: Understanding the Value of Molecular Cell Biology and Gene Analysis for the Next Generation of Cosmetic Products",74
"Part 2: Regulatory Requirements, Intellectual Property and Achieving Global Market Success for Cosmetic Products",94
"Part 2.1: Regulatory Requirements, Intellectual Property and Achieving Global Market Success for Cosmetic Products",95
"Part 2.3.1: Achieving Global Market Access-Focus on Russia",100
"Part 2.3.2: Kingdom of Saudi Arabia (KSA): Cosmetics and Perfumery Products: Market Access and Regulations",113
"Part 2.3.3: Achieving Global Market Access-Focus on China",123
"Part 2.3.4: Nanomaterials in Cosmetics: Regulatory and Safety Considerations",131
"Part 3: Substrate: The Skin: Structure, Biochemistry and Function",145
"Part 3.1: Skin Morphology",145
"TEST",150
"TEST2",160
"TEST3",170
"TEST4",180
"TEST5",190
"TEST6",200
"TEST7",210
"TEST8",220
"TEST9",230
"TEST10",240
"TEST11",250
"TEST12",260
"TEST13",270
"TEST14",280
"TEST15",290